product_name,Product_attribute_list,material,warranty,generated_description,latency_ms,input_tokens,output_tokens,cost_value,word_counts,length,latency,cost,fluency,grammar,tone,grounding,final_score
Apple iPhone 15 Pro,"features: A17 Pro chip, 120 Hz ProMotion display, USB-C fast charging; dimensions: compact","titanium frame, Ceramic Shield glass",1-year limited warranty,"The Apple iPhone 15 Pro is designed for performance and durability. Powered by the A17 Pro chip, it offers seamless multitasking and efficient battery life. The 120 Hz ProMotion display provides smooth visuals and fast navigation. Protected by a titanium frame and Ceramic Shield glass, this device withstands scratches and drops. With USB-C fast charging, you can quickly juice up your phone. Backed by a 1-year limited warranty, this iPhone 15 Pro is built to provide reliable service for years to come.",2862,223,104,1.07e-05,82,good,good,good,good,good,good,good,pass
Samsung Galaxy S24 Ultra,"features: 200 MP camera, S-Pen support, 120 Hz AMOLED; sustainably sourced","Armor Aluminum frame, Gorilla Glass Victus",1-year limited warranty,"The Samsung Galaxy S24 Ultra features a 200 MP camera and supports the S-Pen for precision and control. Its 6.8"" 120 Hz AMOLED display provides seamless visuals. The device is crafted with an Armor Aluminum frame and protected by Gorilla Glass Victus for durability. We prioritize sustainability in our sourcing practices. Backed by a comprehensive 1-year limited warranty, this phone is designed to last. With its premium design and advanced features, the Samsung Galaxy S24 Ultra delivers a high-performance experience.",2064,226,107,1.094e-05,80,good,good,good,good,good,good,bad,fail
Google Pixel 8 Pro,"features: Tensor G3 chip, Magic Eraser, 50 MP camera; rating: 4.7/5","matte glass back, aluminum frame",1-year limited warranty,"The Google Pixel 8 Pro features a 50 MP camera powered by the Tensor G3 chip, allowing for high-quality images. The camera also includes the Magic Eraser, which can remove unwanted objects from photos. The device has a matte glass back and aluminum frame. With a rating of 4.7/5, this phone has received positive reviews from users. A 1-year limited warranty is also included. Upgrade your mobile photography experience with this feature-packed phone, ideal for those who value image quality and versatility.",1736,225,106,1.086e-05,82,good,good,good,good,good,good,good,pass
Sony WH-1000XM5 Headphones,"features: active noise cancelling, 30 hr battery, Bluetooth 5.2; capacity: large",synthetic leather earcups,1-year limited warranty,"The Sony WH-1000XM5 Headphones offer advanced noise cancelling technology for immersive audio experiences. These headphones feature a 30-hour battery life and Bluetooth 5.2 connectivity. The large capacity and comfortable design make them suitable for extended use. The synthetic leather earcups provide a soft and durable fit. Sony's 1-year limited warranty backs this product, providing peace of mind for customers. Designed for comfort and performance, these headphones are ideal for music enthusiasts and frequent flyers.",3250,224,99,1.042e-05,74,good,good,good,good,good,good,good,pass
Bose QuietComfort Ultra Earbuds,"features: CustomTune sound calibration, ANC, IPX4; award-winning design",silicone ear tips,1-year limited warranty,"Improve your listening experience with Bose QuietComfort Ultra Earbuds. These earbuds feature CustomTune sound calibration for tailored audio and Advanced Noise Cancellation for quieter listening environments. Protected by IPX4, they withstand splashes and casual sweat. Silicone ear tips ensure a comfortable fit. Your earbuds are backed by a 1-year limited warranty. Experience rich, balanced sound with these advanced earbuds.",1426,217,86,9.5e-06,59,good,good,good,good,good,good,ok,pass
Amazon Echo Dot (5th Gen),"features: Alexa voice assistant, temperature sensor, improved bass; sustainably sourced",recycled fabric mesh,1-year limited warranty,"Meet the Amazon Echo Dot (5th Gen), a compact smart speaker with a big personality. Equipped with Alexa voice assistant, this device lets you control your smart home, play music, and access information with just your voice. It also features a temperature sensor, enabling you to stay on top of your indoor climate. With improved bass and a sustainably sourced recycled fabric mesh cover, this device is both functional and eco-friendly. wastewater.",2083,215,89,9.64e-06,72,good,good,good,good,good,good,good,pass
Dell XPS 13 9310 Laptop,"features: 13.4″ FHD+ display, Intel Core i5, Thunderbolt 4; dimensions: compact",CNC aluminum & carbon-fiber palmrest,1-year limited hardware warranty,"The Dell XPS 13 9310 laptop is designed for portability and productivity. This compact device features a 13.4"" FHD+ display and Intel Core i5 processor for efficient performance. With Thunderbolt 4 connectivity, you can easily transfer files and charge your device on the go. The laptop's durable CNC aluminum and carbon-fiber palmrest provide a sturdy feel. Protected by a 1-year limited hardware warranty, the XPS 13 9310 is a reliable choice for those who need a compact and capable laptop.",1857,233,112,1.138e-05,80,good,good,good,good,good,good,good,pass
Apple MacBook Air 13″ (M3),"features: M3 chip, 18-hour battery, 1080p camera; energy efficient",recycled aluminum unibody,1-year limited warranty,"The Apple MacBook Air 13"" features the M3 chip for a seamless computing experience. The 18-hour battery ensures you stay productive all day. A 1080p camera allows for clear video conferencing. The energy-efficient design helps reduce environmental impact. Made from durable recycled aluminum, this unibody construction is both rugged and eco-friendly. Protected by a 1-year limited warranty, this laptop offers a reliable and sustainable solution for work, school, or personal projects.",1556,223,97,1.028e-05,71,good,good,good,good,good,good,good,pass
Microsoft Surface Pro 10,"features: Intel Core Ultra, detachable keyboard, 13″ PixelSense; dimensions: compact",magnesium alloy chassis,1-year limited warranty,"The Microsoft Surface Pro 10 is a versatile 2-in-1 device. It features a 13"" PixelSense display, a detachable keyboard, and an Intel Core Ultra processor. The compact design includes a magnesium alloy chassis for durability. For added convenience, a 1-year limited warranty is provided. The Surface Pro 10 offers a balance of portability and performance, making it suitable for work and on-the-go use.",1443,217,88,9.62e-06,63,good,good,good,good,good,good,good,pass
Garmin Forerunner 255,"features: multi-band GPS, HRV status, 14-day battery; rating: 4.7/5",fiber-reinforced polymer,1-year limited warranty,"The Garmin Forerunner 255 is a feature-rich GPS watch designed for runners and fitness enthusiasts. Equipped with multi-band GPS, it provides accurate distance and pace tracking. The built-in heart rate variability (HRV) status feature helps monitor your recovery. With a 14-day battery life, you can track your progress without frequent recharging. Constructed from a durable fiber-reinforced polymer, this watch is built to withstand the rigors of regular use. A 1-year limited warranty is also included for added peace of mind.",1938,224,110,1.108e-05,80,good,good,good,good,good,good,good,pass
