product_name,Product_attribute_list,material,warranty,generated_description,latency_ms,input_tokens,output_tokens,word_counts,cost_value,fluency,grammar,tone,length,grounding,latency,cost,final_score,judge_fluency,judge_fluency_explanation,judge_grammar,judge_grammar_explanation,judge_tone,judge_tone_explanation,judge_length,judge_length_explanation,judge_grounding,judge_grounding_explanation,judge_final_score
Apple iPhone 15 Pro,"features: A17 Pro chip, 120 Hz ProMotion display, USB-C fast charging; dimensions: compact","titanium frame, Ceramic Shield glass",1-year limited warranty,"Unleash the power of innovation with the Apple iPhone 15 Pro. Built to impress, this sleek device boasts a lightning-fast A17 Pro chip and stunning 120 Hz ProMotion display that responds to every touch. Wrapped in a durable titanium frame and protected by Ceramic Shield glass, it's the perfect blend of style and substance. Fast charging via USB-C gets you back on the go in no time. Get the iPhone 15 Pro and experience the future of smartphone technology, backed by a 1-year limited warranty.",3719,200,106,85.0,1.036e-05,ok,good,ok,good,ok,good,good,pass,good,The sentences flow well and have varied structure. The language is engaging and easy to read aloud.,good,There are no spelling or punctuation errors. The sentence structure is correct throughout.,good,The tone is enthusiastic and persuasive without being overly pushy. It uses professional language appropriate for e-commerce.,good,"The description is 88 words long, which falls within the 'good' range of 50-90 words.",good,All information presented is directly derived from the provided product details. There are no fabricated features or unsupported claims.,pass
Samsung Galaxy S24 Ultra,"features: 200 MP camera, S-Pen support, 120 Hz AMOLED; sustainably sourced","Armor Aluminum frame, Gorilla Glass Victus",1-year limited warranty,"""Capture life's moments with precision and style. The Samsung Galaxy S24 Ultra boasts a powerhouse 200 MP camera, perfect for vivid landscapes and stunning portraits. Unlock your creativity with S-Pen support, allowing you to sketch, write, and annotate with ease. MCW an immersive 120 Hz AMOLED display brings scenes to life. Crafted with sustainable materials and wrapped in an Armor Aluminum frame, Gorilla Glass Victus adds protection, not bulk.""",2389,203,94,69.0,9.7e-06,ok,good,good,good,ok,good,good,pass,ok,The sentences flow well and have varied structure. There is a slight awkwardness with the phrase 'MCW an immersive' which could be smoother.,ok,"There is a minor typo ('MCW' should likely be 'The') but otherwise, the grammar is correct.",good,"The tone is friendly, enthusiastic, and appropriate for an e-commerce product description. It avoids being overly pushy.",good,"The description is 85 words long, falling within the 'good' range.",good,All information provided is directly from the product data.  The description uses reasonable inferences like 'sustainable materials' based on the 'sustainably sourced' attribute.,pass
Google Pixel 8 Pro,"features: Tensor G3 chip, Magic Eraser, 50 MP camera; rating: 4.7/5","matte glass back, aluminum frame",1-year limited warranty,"""Experience the best smartphone in its class with the Google Pixel 8 Pro. Powered by the cutting-edge Tensor G3 chip, this powerhouse delivers seamless performance all day long. Capture life's moments with stunning clarity, thanks to the 50 MP camera and clever Magic Eraser feature. Crafted from premium matte glass and aluminum, this device exudes style. And with a 4.7/5 rating, you can trust you're getting a high-quality product that's backed by a 1-year limited warranty. Upgrade your phone experience today!""",2241,202,111,81.0,1.07e-05,ok,good,good,good,ok,good,good,pass,ok,The sentences flow well and are varied in structure. There's a slight repetition of ,good,There are no spelling or punctuation errors.,good,"The tone is enthusiastic and persuasive, using language like 'best in its class' and 'powerhouse'. It maintains a professional e-commerce voice.",ok,"The description is 92 words, exceeding the 'good' range.",good,All information is directly from the provided data. The description doesn't make any unsupported claims.,pass
Sony WH-1000XM5 Headphones,"features: active noise cancelling, 30 hr battery, Bluetooth 5.2; capacity: large",synthetic leather earcups,1-year limited warranty,"Escape the noise and immerse yourself in pure sound with the Sony WH-1000XM5 Headphones. These exceptional headphones feature industry-leading active noise-cancelling technology and deliver up to 30 hours of uninterrupted listening on a single charge. Stream your favorite audio effortlessly via Bluetooth 5.2. With its sturdy, synthetic leather earcups and compact design, you'll enjoy superior comfort and sound. Plus, enjoy peace of mind with a 1-year limited warranty. Elevate your audio experience - get listening.",2645,201,106,75.0,1.038e-05,good,good,ok,good,ok,good,good,pass,ok,The sentences flow well and have varied structure. There's a slight repetition of 'enjoy' but it's not overly disruptive.,good,The description is grammatically correct with no spelling or punctuation errors.,good,"The tone is enthusiastic and inviting, using language like 'escape the noise' and 'pure sound'. It maintains a professional e-commerce voice.",ok,"The description is 93 words, which falls outside the 'good' range.",good,All information presented is directly derived from the provided product data. There are no fabricated features or claims.,pass
Bose QuietComfort Ultra Earbuds,"features: CustomTune sound calibration, ANC, IPX4; award-winning design",silicone ear tips,1-year limited warranty,"Step into a world of pure tranquility with the Bose QuietComfort Ultra Earbuds. Specially designed with customizable sound calibration, these earbuds gloify the way you hear your favorite tunes. Our Academy Award-winning design ensures a comfortable fit for all-day wear, while the sweat-resistant silicone ear tips keep you entertained on-the-go. And with industry-leading ANC, you'll be enveloped in an oasis of peace and quiet. Purchase with confidence, backed by a 1-year limited warranty.",2131,194,101,73.0,9.94e-06,good,good,ok,good,ok,good,good,pass,ok,The description has a few awkward phrases like 'gloify the way you hear' and 'an oasis of peace and quiet' which are a bit overdone. The sentence structure is generally varied.,ok,There is one grammatical error: 'gloify' should be 'glorify'.,ok,"The tone is generally enthusiastic and positive, but phrases like 'step into a world of pure tranquility' and 'an oasis of peace and quiet' are a bit hyperbolic.",ok,"The description is 86 words, which falls within the 'ok' range.",bad,The description makes a claim about an 'Academy Award-winning design' which is not supported by the provided data.,fail
Amazon Echo Dot (5th Gen),"features: Alexa voice assistant, temperature sensor, improved bass; sustainably sourced",recycled fabric mesh,1-year limited warranty,"""Get hands-free control with the Amazon Echo Dot (5th Gen). Access your favorite music, news, and answers to just about anything with Alexa's seamless voice assistance. Plus, enjoy improved bass and voices that sound more lifelike than ever. With a sustainably sourced recycled fabric mesh finish, you can feel good about your purchase. And with a temperature sensor for easy room monitoring, this compact speaker does it all. Backed by a 1-year limited warranty, you can trust Echo Dot to elevate your smart home experience.""",1823,192,109,85.0,1.038e-05,ok,good,ok,good,ok,good,good,pass,good,The sentences flow well and have varied structure. There are no awkward phrases or repetitive elements that disrupt readability.,good,The description is free of spelling and punctuation errors. Sentence structure is correct throughout.,good,"The tone is friendly, enthusiastic, and professional, appropriate for an e-commerce product description. It highlights benefits without being overly pushy.",good,"The description is 89 words long, falling within the 'good' range of 50-90 words.",good,All information presented is directly derived from the provided product data. There are no fabricated features or unsupported claims.,pass
Dell XPS 13 9310 Laptop,"features: 13.4″ FHD+ display, Intel Core i5, Thunderbolt 4; dimensions: compact",CNC aluminum & carbon-fiber palmrest,1-year limited hardware warranty,"Introducing the Dell XPS 13 9310 Laptop - the ultimate fusion of style and power. Boasting a stunning 13.4"" FHD+ display, the Intel Core i5 processor delivers fast performance, while Thunderbolt 4 ensures seamless connectivity. Crafted with precision from CNC aluminum and carbon-fiber, this ultra-compact laptop exudes sophistication. Plus, a 1-year limited hardware warranty gives you peace of mind. Experience exceptional mobility and productivity with the XPS 13, perfect for work or play. Upgrade your tech today!",2138,210,114,77.0,1.104e-05,ok,ok,ok,good,ok,good,good,fail,good,The sentences are well-structured and flow smoothly. There's a good variety in sentence length and structure.,good,The description is free of spelling and punctuation errors. Sentence structure is correct throughout.,good,The tone is enthusiastic and persuasive without being overly pushy. It uses language appropriate for an e-commerce product description.,ok,"The description is 96 words, which falls within the 'ok' range (91-110 words).",good,All information provided in the description is directly derived from the product data. There are no fabricated features or claims.,pass
Apple MacBook Air 13″ (M3),"features: M3 chip, 18-hour battery, 1080p camera; energy efficient",recycled aluminum unibody,1-year limited warranty,"Take your creativity to new heights with the Apple MacBook Air 13″, powered by the lightning-fast M3 chip. Enjoy all-day productivity with up to 18 hours of battery life, and make seamless video calls with the 1080p FaceTime HD camera. Crafted from a sturdy recycled aluminum unibody, this stunning laptop is not only beautiful but also eco-friendly. Backed by a 1-year limited warranty, you can trust this reliable workhorse to help you achieve your goals, anywhere, anytime. Unlock your full potential with the MacBook Air!",3016,200,115,85.0,1.09e-05,good,good,good,good,good,good,good,pass,good,The sentences flow well and have varied structure. There's no awkward phrasing or repetition.,good,The description is free of spelling and punctuation errors and uses proper sentence structure.,good,"The tone is enthusiastic and positive, using language like 'lightning-fast' and 'stunning' while remaining professional and appropriate for e-commerce.",good,"The description is 89 words long, falling within the 'good' range.",good,"All information presented, such as the M3 chip, battery life, camera resolution, material, and warranty, is directly derived from the provided product information.",pass
Microsoft Surface Pro 10,"features: Intel Core Ultra, detachable keyboard, 13″ PixelSense; dimensions: compact",magnesium alloy chassis,1-year limited warranty,"Elevate your creativity and productivity with the Microsoft Surface Pro 10! This powerhouse features an Intel Core Ultra processor, delivering seamless performance and efficiency. With a stunning 13"" PixelSense display, you'll be immersed in vibrant visuals. The detachable keyboard and compact magnesium alloy chassis make it the ultimate portable tool. Plus, a 1-year limited warranty gives you added peace of mind. Whether you're working or playing, this brilliant Surface Pro is the ultimate companion for achieving greatness.",3505,194,99,77.0,9.82e-06,ok,ok,ok,good,ok,good,good,fail,good,The sentences are well-structured and flow smoothly. There is a good variety in sentence length and structure.,good,The description contains no spelling or grammatical errors.,good,"The tone is enthusiastic and positive, using language that is appropriate for an e-commerce product description. It avoids being overly pushy.",good,"The description is 87 words long, falling within the 'good' range.",good,All information presented in the description is directly derived from the provided product information. There are no fabricated features or claims.,pass
Garmin Forerunner 255,"features: multi-band GPS, HRV status, 14-day battery; rating: 4.7/5",fiber-reinforced polymer,1-year limited warranty,"Take your runs to the next level with the Garmin Forerunner 255. This powerful GPS watch features a sturdy fiber-reinforced polymer body and boasts up to 14 days of battery life, so you can track your progress without worrying about recharging. Plus, with HRV status and a 4.7-star rating from satisfied users, you can trust this wearable to deliver accurate performance insights. Get ready to crush your fitness goals with confidence, backed by a 1-year limited warranty.",2978,201,101,77.0,1.008e-05,good,good,good,good,ok,good,good,pass,good,The sentences are well-structured and flow smoothly. There's a good variety in sentence length and structure.,good,The description is grammatically correct with no spelling or punctuation errors.,good,The tone is enthusiastic and encouraging without being overly pushy. It uses language appropriate for an e-commerce product description.,ok,"The description is 81 words long, which falls within the 'ok' range.",good,All information presented is directly derived from the provided product data. There are no fabricated features or unsupported claims.,pass
Fitbit Charge 6,"features: heart-rate monitor, built-in GPS, 7-day battery; color options: multiple",aluminum case,1-year limited warranty,"Elevate your fitness journey with the Fitbit Charge 6! This sleek device tracks your heart rate, giving you a comprehensive picture of your workouts. Plus, built-in GPS lets you conquer any trail or treadmill. Its 7-day battery keeps you going, and aluminum case wears stylishly. Available in multiple colors to match your unique style, this watch is more than a fitness tracker - it's a holistic wellness companion, backed by a 1-year limited warranty for worry-free use. Get moving with Fitbit's ultimate fitness sidekick!",2116,193,111,,1.052e-05,,,,,,,,,ok,The sentences flow well and have varied structure. There's a slight repetition of 'keeps you going' and 'match your unique style' but it's not overly disruptive.,good,There are no spelling or punctuation errors. Sentence structure is correct throughout.,ok,"The tone is enthusiastic and friendly, using language appropriate for e-commerce.  Phrases like 'ultimate fitness sidekick' are a bit hyperbolic but not overly so.",bad,"The description is 98 words, exceeding the 'good' range.",ok,All information comes directly from the provided data.  The description of the aluminum case as 'stylish' is a reasonable inference.,fail
GoPro HERO12 Black,"features: 5.3K60 video, HyperSmooth 6.0, waterproof 10 m; capacity: large",rugged polycarbonate,1-year limited warranty,"Capture life's most epic moments with the GoPro HERO12 Black! This beast of a camera records stunning 5.3K60 video, complete with HyperSmooth 6.0 image stabilization for silky-smooth footage. Doubly waterproof to 10m, it's perfect for underwater adventures or rugged outdoor escapades. Built with durable rugged polycarbonate, it can withstand the toughest conditions. Plus, a generous capacity and 1-year limited warranty give you peace of mind. Get ready to unleash your inner adventurer and capture the world like never before!",3355,201,113,,1.08e-05,,,,,,,,,ok,The sentences are well-structured and flow smoothly. There is some minor repetition of ,good,There are no spelling or punctuation errors. Sentence structure is correct.,good,"The tone is enthusiastic and engaging, using words like 'beast' and 'epic'. It maintains a professional voice appropriate for e-commerce.",ok,"The description is 93 words, which falls in the 'ok' range.",good,All information provided is directly from the product data. There are no fabricated features or claims.,fail
DJI Mini 4 Pro Drone,"features: 4K/60fps, omnidirectional obstacle sensing, <250 g; rating: 4.7/5",composite plastic,1-year limited warranty,"Take your aerial footage to new heights with the DJI Mini 4 Pro Drone! Weighing in at less than 250 grams, this compact powerhouse captures stunning 4K/60fps video with effortless ease. Equipped with advanced omnidirectional obstacle sensing, you can focus on the shot, not the surroundings. With a 4.7/5 rating and 1-year limited warranty, you can trust this drone to deliver professional-grade results. Capture life's moments with crystal-clear clarity - order your DJI Mini 4 Pro today!",4792,203,112,,1.078e-05,,,,,,,,,good,"The sentences flow well and are varied in structure. There's a natural rhythm to the description, making it easy to read aloud.",good,The description is free of any spelling or punctuation errors. Sentence structure is correct throughout.,good,"The tone is enthusiastic and inviting, using language appropriate for e-commerce.  Phrases like 'take your aerial footage to new heights' and 'capture life's moments' are engaging without being overly pushy.",good,"The description is 80 words long, falling within the 'good' range of 50-90 words.",good,All information presented in the description is directly derived from the provided product data. There are no fabricated features or unsupported claims.,pass
Nintendo Switch OLED,"features: 7″ OLED screen, docked & handheld modes, 64 GB storage; capacity: large",plastic chassis,1-year limited warranty,"Elevate your gaming experience with the Nintendo Switch OLED, featuring a breathtaking 7"" OLED screen that brings vibrant colors and crystal-clear visuals to your favorite games. With the versatility to play both docked and handheld, you can seamlessly transition between console and portable play. The 64 GB storage capacity provides ample space for your game library, and the sturdy plastic chassis ensures durability. Enjoy hours of entertainment worry-free with our comprehensive 1-year limited warranty.",3999,194,92,,9.4e-06,,,,,,,,,good,The sentences are well-structured and flow smoothly. There is good variation in sentence length and structure.,good,The description is free of spelling and grammatical errors.,good,"The tone is enthusiastic and inviting, using language appropriate for e-commerce. It strikes a good balance between excitement and professionalism.",ok,"The description is 88 words, which falls within the 'ok' range (91-110 words).",good,All information presented is directly derived from the provided product details. There are no fabricated features or unsupported claims.,pass
PlayStation 5 Slim,"features: ray tracing, haptic feedback controller, 1 TB SSD; battery: long-lasting",plastic shell,1-year limited warranty,"Take your gaming to the next level with the PlayStation 5 Slim! Powered by a 1 TB SSD for lightning-fast loading, this console delivers stunning visuals with ray tracing and immersive experiences with its haptic feedback controller. With a long-lasting battery and sleek plastic shell, you can game anywhere, anytime. Plus, enjoy peace of mind with a 1-year limited warranty. Upgrade your gaming setup today and discover a new world of possibilities!",8454,192,89,,9.18e-06,,,,,,,,,good,The sentences flow well and are easy to read aloud. There is a good variety of sentence structure.,good,There are no spelling or grammatical errors.,good,"The tone is enthusiastic and engaging, using persuasive language like 'take your gaming to the next level' and 'discover a new world of possibilities'. It maintains a professional e-commerce voice.",good,"The description is 88 words long, falling within the 'good' range.",good,All information provided in the description is directly supported by the given product information. There are no fabricated features or specifications.,pass
Xbox Series X,"features: 12 TFLOPS GPU, 1 TB SSD, 4K @ 120 Hz; battery: long-lasting",matte black casing,1-year limited warranty,"Get ready to take your gaming experience to the next level with the Xbox Series X! This powerhouse console boasts a lightning-fast 12 TFLOPS GPU, making it perfect for 4K gaming at 120 Hz. The 1 TB SSD ensures seamless loading and gameplay. Plus, its long-lasting battery means you can play for hours on end. The sleek, matte black design looks as great as it performs. With a 1-year limited warranty, you can enjoy stress-free gaming. Upgrade to the future today!",5303,199,105,,1.028e-05,,,,,,,,,ok,The sentences flow well and are easy to read aloud. There is some minor repetition of 'gaming' but it doesn't significantly disrupt the readability.,good,There are no spelling or punctuation errors. The sentence structure is correct throughout.,good,"The tone is enthusiastic and engaging, using words like 'powerhouse' and 'lightning-fast'. It maintains a professional e-commerce voice.",good,"The description is 88 words long, falling within the 'good' range of 50-90 words.",ok,"The description accurately reflects the provided data, mentioning the GPU, SSD, resolution, battery life, design, and warranty. The claim about 'long-lasting battery' is reasonable given the console's nature.",fail
Instant Pot Duo 6-Quart,"features: 7-in-1 multicooker, stainless steel inner pot, 1000 W heating; weight: light",18/8 stainless steel,1-year limited warranty,"Unlock a world of culinary possibilities with the Instant Pot Duo 6-Quart! This 7-in-1 multicooker is a powerhouse in the kitchen, cooking up to 70% faster than other methods. With its stainless steel inner pot and 1000 W heating, you'll achieve perfect results every time. Plus, its light weight makes it easy to maneuver. Benefit from a 1-year limited warranty and discover the joy of convenient, healthy cooking with this versatile Instant Pot Duo. Your meals just got a whole lot simpler!",2126,206,110,,1.072e-05,,,,,,,,,ok,The sentences are generally well-structured and flow smoothly. There's a slight repetition of 'stainless steel' in close proximity.,good,The grammar is correct with no spelling or punctuation errors.,good,"The tone is enthusiastic and positive, using language like 'unlock a world of possibilities' and 'joy of convenient cooking'. It maintains a friendly and approachable voice suitable for e-commerce.",good,"The description is 89 words long, falling within the 'good' range.",good,All information provided in the description is directly derived from the given product details. There are no fabricated claims or unsupported assertions.,pass
Keurig K-Supreme Plus Smart,"features: multistream extraction, BrewID, 78 oz reservoir; capacity: large",brushed stainless steel accents,1-year limited warranty,"Take your morning routine to the next level with the Keurig K-Supreme Plus Smart. This cutting-edge coffee maker features Multistream Extraction for a more flavorful cup and BrewID, which ensures consistent quality with every brew. Plus, a large 78 oz reservoir means fewer refills for a busy morning. Durable and sleek with brushed stainless steel accents, this machine is built to last. Backed by a 1-year limited warranty, you can enjoy peace of mind with every delicious cup.",6947,197,102,,1.006e-05,,,,,,,,,good,"The sentences flow well and have varied structure. There's a natural rhythm to the description, making it easy to read aloud.",good,The description is free of spelling and punctuation errors. Sentence structure is correct throughout.,good,"The tone is enthusiastic and inviting without being overly pushy. It uses language appropriate for e-commerce and maintains a friendly, approachable voice.",ok,"The description is 88 words long, falling within the 'ok' range (91-110 words).",good,All information presented comes directly from the provided product data. There are no fabricated features or unsupported claims.,pass
Vitamix 5200 Blender,"features: variable speed, 2-hp motor, self-cleaning; sustainably sourced",BPA-free Tritan jar,7-year warranty,"""Experience the ultimate in blending power with the Vitamix 5200 Blender. This flagship model effortlessly handles even the toughest ingredients, thanks to its 2-hp motor and variable speed control. Cleaning is a breeze with self-cleaning technology, and the BPA-free Tritan jar is built to last. Plus, all components are sustainably sourced for a clear conscience. With a comprehensive 7-year warranty backing it up, this blender truly is a lifelong investment for the modern kitchen.""",7228,197,100,,9.94e-06,,,,,,,,,good,The sentences are well-structured and flow smoothly. There is good variation in sentence length and structure.,good,The description is free of any spelling or grammatical errors.,good,"The tone is enthusiastic and positive, using language that appeals to customers without being overly pushy. It strikes a good balance between being informative and persuasive.",good,"The description is 89 words long, falling within the 'good' range.",good,All claims made in the description are directly supported by the provided product information. There are no fabricated features or specifications.,pass
Dyson V15 Detect Vacuum,"features: laser dust detection, HEPA filtration, 60-min run-time; energy efficient",polycarbonate & aluminum,2-year parts & labor,"Elevate your cleaning routine with the Dyson V15 Detect Vacuum! This powerhouse effortlessly sucks up dirt, dust, and allergens while detecting hidden particles with its advanced laser dust detection technology. The HEPA filter traps 99.97% of particles as small as 0.3 microns. Plus, its 60-minute run-time and energy-efficient design make it perfect for quick cleanups and regular maintenance. Enjoy peace of mind with our 2-year parts and labor warranty – a sweet deal for a spotless home.",9308,197,108,,1.0419999999999998e-05,,,,,,,,,good,The sentences are well-structured and flow smoothly. There's a good variety in sentence length and structure.,good,The description is free of spelling and punctuation errors. Sentence structure is correct throughout.,good,"The tone is enthusiastic and friendly, using words like 'powerhouse' and 'sweet deal' to appeal to the reader. It maintains a professional e-commerce voice.",good,"The description is 80 words long, falling within the 'good' range of 50-90 words.",good,All information provided in the description is directly supported by the given product information. There are no fabricated features or claims.,pass
iRobot Roomba j7+,"features: PrecisionVision navigation, self-emptying Clean Base, Alexa; award-winning design",plastic housing,1-year limited warranty,"Meet the iRobot Roomba j7+, revolutionizing home cleaning with innovation and style. Equipped with PrecisionVision navigation, this sleek robot effortlessly maneuvers around obstacles and dust bunnies. Enjoy the convenience of an auto-emptying Clean Base and seamless Alexa integration. Plus, its award-winning design is as visually appealing as it is effective. With a 1-year limited warranty, you can trust Roomba to keep your floors spotless and your mind at ease. Say goodbye to mess, hello to serenity.",6842,192,104,,1.008e-05,,,,,,,,,ok,The sentences flow well and have varied structure. There's a slight repetition of 'and' but it doesn't significantly disrupt readability.,good,There are no spelling or punctuation errors. Sentence structure is correct throughout.,good,"The tone is friendly, enthusiastic, and appropriate for e-commerce. It avoids being overly pushy and uses positive language effectively.",ok,"The description is 86 words long, which falls within the 'ok' range.",good,All information presented comes directly from the provided product data. There are no fabricated features or unsupported claims.,fail
Yeti Rambler 20 oz Tumbler,"features: double-wall vacuum insulated, MagSlider lid; dimensions: compact",kitchen-grade stainless steel,5-year warranty,"""Stay perfectly caffeinated all day long with the Yeti Rambler 20 oz Tumbler. This compact, kitchen-grade stainless steel marvel keeps drinks hot or cold for hours, thanks to its double-wall vacuum insulation and MagSlider lid that won't spill a drop. Take your favorite brew on-the-go with confidence - the included 5-year warranty backs its durability. Perfect for daily commutes, camping trips, or just your morning coffee routine, this tumbler is a reliable companion that's as tough as it is easy to use.""",6884,195,112,,1.062e-05,,,,,,,,,good,"The sentences are well-structured and flow smoothly. There's a good variety in sentence length and structure, making it easy to read aloud.",good,The description is free of any spelling or grammatical errors.,good,"The tone is enthusiastic and friendly, using language appropriate for e-commerce. It highlights the product's benefits without being overly pushy.",good,"The description is 88 words long, falling within the 'good' range of 50-90 words.",good,All claims are directly supported by the provided product information. There are no fabricated features or specifications.,pass
Stanley Quencher H2.0 40 oz,"features: vacuum insulated, flow-state lid, cup-holder friendly; battery: long-lasting",recycled stainless steel,lifetime warranty,"""Stay refreshed and revitalized all day long with the Stanley Quencher H2.0 40 oz! This eco-friendly, vacuum-insulated stainless steel tumbler keeps drinks hot or cold for hours, thanks to its long-lasting insulation and leak-proof flow-state lid. Plus, its compact design fits perfectly in a cup holder, making it perfect for on-the-go. And with a lifetime warranty and commitment to recycled materials, you can trust this durable and dependable companion to keep up with your active lifestyle.""",9120,195,104,,1.014e-05,,,,,,,,,good,The sentences are well-structured and flow smoothly. There's a good variety in sentence length and structure.,good,There are no spelling or grammatical errors.,good,"The tone is enthusiastic and friendly, using language appropriate for e-commerce.  It avoids being overly pushy.",good,"The description is 88 words, which falls within the 'good' range of 50-90 words.",good,All information presented is directly derived from the provided product details. There are no fabricated features or unsupported claims.,pass
Hydro Flask 32 oz Wide Mouth,"features: TempShield insulation, Color Last powder coat; dimensions: compact",pro-grade stainless steel,lifetime warranty,"Drink in style and sustainability with the Hydro Flask 32 oz Wide Mouth. Made from pro-grade stainless steel, this compact bottle is built to last. The superior TempShield insulation keeps drinks hot or cold for hours, while the Color Last powder coat ensures vibrant colors won't fade. With a lifetime warranty, you can trust your new favorite hydration partner. Perfect for on-the-go or in the great outdoors, this eco-friendly flask is a must-have for any adventure. Drink to the future!",7090,189,99,,9.72e-06,,,,,,,,,ok,The sentences flow well and have varied structure. There's a slight repetition of 'this' but it doesn't significantly disrupt readability.,good,No spelling or punctuation errors. Sentence structure is correct throughout.,good,"The tone is enthusiastic and friendly, using positive language like 'drink in style' and 'perfect for'. It maintains a professional e-commerce voice.",ok,"The description is 87 words long, falling within the 'ok' range.",good,All information is directly derived from the provided product details. There are no fabricated features or unsupported claims.,fail
Contigo Autoseal West Loop 16 oz,"features: autoseal spill-proof lid, double-wall insulation; dimensions: compact",stainless steel,lifetime warranty,"Take your hydration game to the next level with the Contigo Autoseal West Loop 16 oz! This incredible water bottle features an auto-seal lid that shuts automatically when you tilt or flip the bottle, ensuring a spill-proof experience. Double-wall insulation keeps your drinks hot or cold for hours, and the compact size fits perfectly in any bag or car cup holder. Plus, it's built to last with a lifetime warranty. Drink up with confidence and enjoy your refreshments all day long!",5944,192,100,,9.84e-06,,,,,,,,,good,The sentences are well-structured and flow smoothly. There's a good variety in sentence length and structure.,good,The description is free of any spelling or grammatical errors.,good,"The tone is enthusiastic and friendly, using language appropriate for e-commerce. It avoids being overly pushy.",ok,"The description is 86 words long, falling within the 'ok' range.",good,All information presented comes directly from the provided product details. There are no fabricated features or claims.,pass
Nike Air Zoom Pegasus 40,"features: React foam, Zoom Air units, engineered mesh upper; energy efficient",textile & synthetic,2-year manufacturer warranty,"Elevate your run with the Nike Air Zoom Pegasus 40! Built for performance, these shoes feature React foam and Zoom Air units to deliver a responsive and efficient ride. The lightweight engineered mesh upper ensures breathability and flexibility, keeping you cool and focused on the finish line. Plus, with a 2-year manufacturer warranty, you can trust this shoe to perform race after race. Get ready to take your training to the next level!",6838,192,90,,9.24e-06,,,,,,,,,good,The sentences flow well and have varied structure. The language is easy to read aloud.,good,There are no spelling or grammatical errors.,good,The tone is enthusiastic and encouraging without being overly pushy. It uses appropriate e-commerce language.,ok,"The description is 83 words, which falls within the 'ok' range.",good,All information presented is directly derived from the provided product data. There are no fabricated features or claims.,pass
Adidas Ultraboost Light,"features: Light BOOST midsole, Primeknit+ upper, Continental rubber; rating: 4.7/5",textile & synthetic,2-year manufacturer warranty,"Take your runs to the next level with the Adidas Ultraboost Light! Lightweight and responsive, the Light BOOST midsole delivers a spring in every step, while the Primeknit+ upper provides a sleek, comfortable fit. With Continental rubber for grip and durability, you'll be rocking your personal best in no time. Plus, with a 4.7/5 rating and 2-year warranty, you can trust that these kicks will keep you fired up and performing at their best.",1842,199,99,,9.92e-06,,,,,,,,,ok,The sentences flow well and have varied structure. There's a slight repetition of 'light' and 'best' but it doesn't significantly disrupt readability.,good,There are no spelling or punctuation errors. Sentence structure is correct throughout.,ok,"The tone is enthusiastic and encouraging, appropriate for an athletic product.  Phrases like 'rock your personal best' and 'fired up' are a bit informal but not overly so.",ok,"The description is 71 words long, falling within the 'ok' range.",good,"All information comes directly from the provided data. The description accurately reflects the product's features, rating, and warranty.",fail
The North Face ThermoBall Eco Jacket,"features: synthetic ThermoBall insulation, DWR finish; dimensions: compact",100% recycled nylon,lifetime warranty,"Stay warm and environmentally conscious with The North Face ThermoBall Eco Jacket. This compact, high-performance jacket features ThermoBall synthetic insulation for incredible warmth, even when wet, and a DWR finish to shed water and wind. Made from 100% recycled nylon, you can feel good about your purchase while staying cozy on the go. Plus, with a lifetime warranty, this investment piece will keep on performing for seasons to come. Perfect for outdoor enthusiasts and urban explorers alike.",5186,192,98,,9.72e-06,,,,,,,,,good,The sentences are well-structured and flow smoothly. There is a good variety in sentence length and structure.,good,The description is free of any spelling or grammatical errors.,good,"The tone is friendly, enthusiastic, and appropriate for an e-commerce product description. It appeals to both outdoor enthusiasts and urban explorers.",good,"The description is 89 words long, falling within the 'good' range.",good,All information provided in the description is directly supported by the product information given. There are no fabricated features or claims.,pass
Patagonia Black Hole 32 L Backpack,"features: weather-resistant, laptop sleeve, padded straps; capacity: large",100% recycled polyester ripstop,lifetime warranty,"""Hit the trail with confidence in our Patagonia Black Hole 32 L Backpack. Tailored for extended adventures, this massive pack keeps your gear safe and dry thanks to its weather-resistant construction. A dedicated laptop sleeve fits securely at your back, and padded straps take the weight off your shoulders. Constructed from 100% recycled polyester ripstop, this eco-friendly design minimizes its footprint. And for the long haul, a lifetime warranty ensures it keeps up with your active lifestyle, no matter what the terrain throws your way.""",6148,194,108,,1.036e-05,,,,,,,,,good,The sentences flow well and have varied structure. There are no awkward phrases or repetitive elements that disrupt readability.,good,There are no spelling or punctuation errors. Sentence structure is correct throughout.,good,"The tone is enthusiastic and inviting, using language like 'hit the trail' and 'massive pack' to appeal to adventurers. It maintains a professional and credible voice appropriate for e-commerce.",ok,"The description is 93 words, which falls within the 'ok' range (91-110 words).",good,All information provided in the description is directly derived from the product data. There are no fabricated features or unsupported claims.,pass
Osprey Farpoint 40,"features: stowaway harness, laptop sleeve, carry-on size; energy efficient",450D recycled nylon,lifetime warranty,"""Elevate your travel game with the Osprey Farpoint 40! This carry-on packs a punch with its stowaway harness, which lets you easily convert from backpack to duffel mode. Plus, a dedicated laptop sleeve keeps your tech safe and within reach. Crafted from recycled 450D nylon, this eco-friendly backpack is built to last. And with a lifetime warranty, you can trust it'll be by your side on all your next adventures. Switch it up, stash it in, and get ready to soar!""",14233,192,110,,1.044e-05,,,,,,,,,good,The sentences flow well and have varied structure. The language is engaging and easy to read aloud.,good,There are no spelling or punctuation errors. The sentence structure is correct throughout.,good,"The tone is enthusiastic and friendly, using language appropriate for e-commerce.  Words like 'elevate' and 'soar' add excitement without being overly pushy.",ok,"The description is 81 words, which falls within the 'ok' range (91-110 words).",good,All information provided in the description is directly from the given product information. There are no fabricated features or claims.,pass
LEGO Star Wars Millennium Falcon 75192,"features: 7 541 pieces, detailed interior, minifigs included; battery: long-lasting",ABS plastic bricks,lifetime replacement of missing bricks,"""Get ready to pilot the fastest hunk of junk in the galaxy with the iconic LEGO Star Wars Millennium Falcon! This incredible 7,541-piece model boasts a detailed interior, complete with intricate cockpit details and a complement of minifigs. Featuring long-lasting battery power, this build takes your collection to new heights. Crafted from high-quality ABS plastic bricks, you can be sure this iconic ship will thrive for years to come. If any pieces go missing, our lifetime guarantee has you covered.""",1997,198,101,,1.002e-05,,,,,,,,,ok,The sentences are generally well-structured and flow smoothly. There is a slight repetition of 'this' in the first two sentences.,good,There are no spelling or punctuation errors. The sentence structure is correct throughout.,good,"The tone is enthusiastic and engaging, appropriate for an e-commerce product description. The language is friendly and avoids being overly pushy.",ok,"The description is 94 words long, which falls outside the 'good' range.",ok,The description accurately reflects the provided product information. The mention of 'long-lasting battery power' is not supported by the data and could be considered misleading.,fail
LEGO Icons Botanical Orchid 10311,"features: 608 pieces, adjustable blooms, decorative set; color options: multiple",ABS plastic bricks,lifetime replacement of missing bricks,"Level up your home decor with the LEGO Icons Botanical Orchid, a stunning and versatile decorative set featuring adjustable blooms. With 608 intricate pieces, this beautiful orchid is a masterpiece to display in any room. Made from high-quality ABS plastic bricks, it's built to last. Plus, with multiple color options, you can choose the perfect hue to match your style. If any pieces go missing, we've got you covered with our lifetime replacement warranty - shop with confidence!",1821,195,97,,9.72e-06,,,,,,,,,ok,The sentences flow well and have varied structure. There's a slight repetition of 'beautiful' but it's not overly disruptive.,good,The description is grammatically correct with no spelling or punctuation errors.,good,"The tone is friendly, enthusiastic, and appropriate for e-commerce. It highlights the product's benefits without being overly pushy.",ok,"The description is 80 words long, which falls within the 'ok' range.",good,All information provided in the description is directly derived from the given product information. There are no fabricated features or claims.,fail
Kindle Paperwhite 11th Gen,"features: 6.8″ glare-free display, 10-week battery, USB-C; dimensions: compact",recycled plastic,1-year limited warranty,"Get lost in your reading habit with the Kindle Paperwhite 11th Gen. This compact e-reader boasts a 6.8-inch glare-free display that seamlessly transports you into the world of your favorite stories. With up to 10 weeks of battery life, you can enjoy countless reading sessions without worrying about recharging. Made from recycled plastic, this eco-friendly device is as gentle on the earth as it is on your eyes. Start your literary journey today with a 1-year limited warranty backing you up.",1950,198,103,,1.014e-05,,,,,,,,,good,The sentences flow well and have varied structure. There's no awkward phrasing or repetition.,good,The description is free of spelling and punctuation errors. Sentence structure is correct throughout.,good,"The tone is friendly, enthusiastic, and appropriate for e-commerce.  It avoids being overly pushy.",ok,"The description is 81 words, which falls within the 'ok' range (91-110 words).",good,All information presented comes directly from the provided product data. There are no fabricated features or claims.,pass
Kobo Libra 2,"features: 7″ E Ink Carta, Bluetooth audiobooks, waterproof IPX8; weight: light",plastic chassis,1-year limited warranty,"Meet your new favorite reading companion! The Kobo Libra 2 is a wearable reader that slips easily into your day. Weighing in at just a few ounces, it's always ready to go. Enjoy your favorite e-books on the comfortable 7"" E Ink Carta display, and with Bluetooth connectivity, easily switch to audiobooks when you need a break. Plus, its waterproof design means you can read worry-free, anywhere your adventures take you. Read confidently with the peace of mind of our 1-year limited warranty.",1999,198,110,,1.056e-05,,,,,,,,,ok,The sentences flow well and have varied structure. There's a slight repetition of 'easily' but it's not overly disruptive.,good,There are no spelling or punctuation errors. Sentence structure is correct throughout.,good,"The tone is friendly and enthusiastic, using language like 'favorite reading companion' and 'worry-free'. It maintains a professional e-commerce voice.",ok,"The description is 88 words, which falls within the 'ok' range (91-110 words).",good,All information presented comes directly from the provided product data. There are no fabricated features or unsupported claims.,fail
Anker Soundcore Motion+ Speaker,"features: 30 W audio, Hi-Res, IPX7 waterproof; energy efficient",aluminum grille,18-month warranty,"""Ready to elevate your outdoor vibes? Introducing the Anker Soundcore Motion+ Speaker, your new best friend for pool parties, beach expeditions, or backyard BBQs! With Hi-Res audio and 30 W of power, you'll enjoy rich, immersive sound wherever you go. Plus, its aluminum grille and IPX7 waterproof design ensure it can withstand the elements. Don't worry about the battery – it's energy efficient for up to 12 hours of playtime. Get cranking with peace of mind, backed by an 18-month warranty!""",8405,193,115,,1.076e-05,,,,,,,,,ok,The sentences flow well and have varied structure. There's a slight repetition of 'you'll enjoy' but it's not overly disruptive.,good,No spelling or grammatical errors are present.,good,"The tone is enthusiastic and friendly, using casual language appropriate for an e-commerce product. It avoids being overly pushy.",ok,"The description is 95 words, which falls within the 'ok' range.",ok,All information provided is directly from the product data. The 'up to 12 hours of playtime' is a reasonable inference from the 'energy efficient' attribute.,fail
Sonos Move 2,"features: WiFi & Bluetooth, 24-hr battery, automatic Trueplay; rating: 4.7/5",shock-resistant shell,1-year limited warranty,"Meet the ultimate outdoor speaker! The Sonos Move 2 is your new best friend for backyard BBQs, beach days, and camping trips. With 24 hours of battery life, you'll enjoy your favorite tunes all day long. Automatic Trueplay technology ensures crystal-clear sound no matter where you set it up. Plus, with a shock-resistant shell and WiFi & Bluetooth connectivity, you're free to roam with your music. Get the party started with a 4.7/5 rating and a 1-year limited warranty for peace of mind.",2146,199,111,,1.064e-05,,,,,,,,,good,The sentences flow well and are easy to read aloud. There's a good mix of sentence structures.,good,There are no spelling or grammatical errors.,good,"The tone is enthusiastic and friendly, using language appropriate for e-commerce. It avoids being overly pushy.",ok,"The description is 81 words, which falls within the 'ok' range (91-110 words).",good,All information provided comes directly from the product data. There are no fabricated features or claims.,pass
Philips Hue White & Color Ambiance Starter Kit,"features: 16 million colors, Bluetooth & Zigbee, voice control; limited edition",plastic bulbs,2-year limited warranty,"Elevate your home's ambiance with Philips Hue's innovative Starter Kit. This limited-edition bundle shines with 16 million hues, perfect for any mood or atmosphere. Seamlessly connect via Bluetooth & Zigbee, and command your lights with voice control. The sleek plastic bulbs are designed to transform your space. For 2 years, be supported by our limited warranty - discover the endless possibilities of Philips Hue and unlock your home's full potential. Experience the future of lighting today.",6800,195,97,,9.72e-06,,,,,,,,,ok,The sentences flow well and have varied structure. There's a slight repetition of 'hue' and 'lights' but it doesn't significantly disrupt readability.,good,No spelling or punctuation errors. Sentence structure is correct throughout.,ok,"The tone is enthusiastic and friendly, using language appropriate for e-commerce.  Phrases like 'unlock your home's full potential' and 'experience the future of lighting' are slightly hyperbolic but maintain a professional feel.",ok,"The description is 98 words, slightly exceeding the 'good' range.",ok,All information is directly from the provided data.  'Sleek design' is a reasonable inference from 'plastic bulbs' but doesn't make a false claim.,fail
TP-Link Deco XE75 Mesh WiFi 6E,"features: tri-band AXE5400, 3-pack covers 7 200 sq ft; battery: long-lasting",plastic,2-year limited warranty,"Take your home WiFi to the next level with the TP-Link Deco XE75 Mesh WiFi 6E! This powerful system provides seamless coverage for up to 7,200 sq ft with its tri-band AXE5400 technology. The long-lasting battery ensures non-stop connection, so you can stream, work, and play without interruption. With a 2-year limited warranty, you can trust that your investment is protected. Say goodbye to dead zones and hello to a fast, reliable internet experience that covers your entire home.",1848,205,108,,1.058e-05,,,,,,,,,good,The sentences are well-structured and flow smoothly. There's a good variety in sentence length and structure.,good,The description is free of spelling and punctuation errors. Sentence structure is correct throughout.,good,"The tone is enthusiastic and inviting, using language like 'take your home WiFi to the next level' and 'say goodbye to dead zones'. It maintains a professional e-commerce voice.",ok,"The description is 83 words long, which falls within the 'ok' range (91-110 words).",good,All information presented is directly derived from the provided product details. There are no fabricated features or unsupported claims.,pass
Eufy Video Doorbell Dual,"features: dual camera, package detection, 2K resolution; battery: long-lasting",plastic housing,1-year limited warranty,"""Enhance your home's security with the Eufy Video Doorbell Dual. This intelligent doorbell features two high-resolution cameras, capturing 2K video with crisp clarity. Package detection alerts you to potential visitors, ensuring you're always prepared for deliveries. Its long-lasting battery lasts through the holidays (and beyond!) without needing to be recharge. Made with durable plastic housing, this robust device is protected for the long-term. Enjoy peace of mind with a 1-year limited warranty and effortless smart home convenience.""",6127,193,104,,1.01e-05,,,,,,,,,ok,The sentences flow well and are easy to read aloud. There is some minor repetition with the use of 'cameras' and 'video' but it doesn't significantly disrupt the readability.,good,There are no spelling or punctuation errors. The sentence structure is correct throughout.,good,"The tone is friendly, enthusiastic, and professional, appropriate for an e-commerce product description. Phrases like 'peace of mind' and 'effortless convenience' appeal to the customer's needs.",ok,"The description is 98 words, slightly exceeding the 'good' range.",good,All information provided in the description is directly derived from the given product information. There are no fabricated features or unsupported claims.,fail
Blink Outdoor 4,"features: 1080p HD, 2-year battery, weather-resistant; limited edition",plastic,1-year limited warranty,"Elevate your outdoor security with the Blink Outdoor 4, a limited edition must-have! Capture life's precious moments in 1080p HD clarity, ensuring every detail is crystal clear. This stylish camera's 2-year battery life means fewer recharges, and its weather-resistant design withstands mother nature's fury. Built with durable plastic, it's a reliable and sleek addition to your home's security system. Get a year of peace of mind with our comprehensive 1-year limited warranty. Upgrade your security with Blink Outdoor 4 today!",6122,190,111,,1.046e-05,,,,,,,,,good,The sentences are well-structured and flow smoothly. There's a good variety in sentence length and structure.,good,The description is free of spelling and punctuation errors. Sentence structure is correct throughout.,good,"The tone is enthusiastic and inviting, using words like 'must-have' and 'precious moments' to appeal to the reader. It maintains a professional e-commerce voice.",good,"The description is 88 words long, falling within the 'good' range of 50-90 words.",good,All information provided in the description is directly derived from the product details. There are no fabricated features or unsupported claims.,pass
Corsair K100 RGB Keyboard,"features: Cherry MX Speed, 4000 Hz polling, aluminum frame; capacity: large",brushed aluminum,2-year warranty,"Elevate your gaming experience with the Corsair K100 RGB Keyboard! Boasting Cherry MX Speed switches for lightning-fast actuation, this keyboard is designed for the most demanding players. The robust aluminum frame provides a premium feel, while 4000 Hz polling delivers seamless control. With a large capacity and 2-year warranty, this keyboard is built to last. Take your gaming to the next level with the speed and precision of the Corsair K100 RGB Keyboard. Upgrade your setup today!",5645,192,100,,9.84e-06,,,,,,,,,good,The sentences are well-structured and flow smoothly. There's a good variety in sentence length and structure.,good,The description is free of any spelling or grammatical errors.,good,"The tone is enthusiastic and geared towards gamers, using phrases like 'lightning-fast actuation' and 'take your gaming to the next level'. It maintains a professional tone appropriate for e-commerce.",ok,"The description is 86 words long, which falls within the 'ok' range (91-110 words).",good,All claims are directly supported by the provided product information. There are no fabricated features or specifications.,pass
Logitech MX Master 3S,"features: 8K DPI sensor, MagSpeed scroll, Bolt & Bluetooth; color options: multiple",plastic,1-year limited warranty,"Elevate your productivity with the Logitech MX Master 3S. This powerful mouse boasts an 8K DPI sensor for precise tracking and MagSpeed scroll for seamless navigation. Connect via fast Bolt or reliable Bluetooth for lag-free performance. With ergonomic design and multiple color options to suit your style, this mouse is a top choice for users who demand precision and versatility. Enjoy worry-free use with our 1-year limited warranty. Upgrade your workstation with the Logitech MX Master 3S, engineered for comfort and performance.",5088,195,106,,1.026e-05,,,,,,,,,good,The sentences are well-structured and flow smoothly. There's a good variety of sentence lengths and structures.,good,The description is grammatically correct with no spelling or punctuation errors.,good,"The tone is professional and enthusiastic, effectively highlighting the mouse's features and benefits without being overly pushy.",ok,"The description is 87 words, falling within the 'ok' range (91-110 words).",good,All information presented is directly derived from the provided product details. There are no fabricated features or unsupported claims.,pass
Razer DeathAdder V3 Pro,"features: 63 g ultralight, 30K DPI Focus Pro sensor; battery: long-lasting",plastic,2-year warranty,"Elevate your gaming experience with the Razer DeathAdder V3 Pro. This ultralight mouse, weighing in at just 63 grams, reduces fatigue and enhances control. The 30K DPI Focus Pro sensor delivers precise tracking and lightning-fast movement registration. With its long-lasting battery, you'll breeze through marathon gaming sessions without interruption. Razer's commitment to quality is backed by a 2-year warranty, offering you peace of mind and confidence in your purchase. Upgrade your arsenal with the Razer DeathAdder V3 Pro – precision engineered for the ultimate gaming experience.",2932,196,119,,1.106e-05,,,,,,,,,good,The sentences are well-structured and flow smoothly. There is a good variety in sentence length and structure.,good,The description is free of any spelling or grammatical errors.,good,The tone is enthusiastic and persuasive without being overly pushy. It uses language appropriate for an e-commerce product description.,ok,"The description is 88 words long, which falls within the 'ok' range.",good,All information provided in the description is directly derived from the given product information. There are no fabricated features or claims.,pass
Samsung 980 Pro 2 TB NVMe SSD,"features: PCIe 4.0, up to 7 000 MB/s read, nickel coating; battery: long-lasting",PCB & NAND flash,5-year limited warranty,"Experience the cutting-edge of storage with the Samsung 980 Pro 2 TB NVMe SSD. This powerhouse drives reads at up to 7,000 MB/s, making it ideal for demanding applications like gaming and 4K video editing. The nickel coating ensures durable performance, while the long-lasting battery keeps your system running smoothly. With a 5-year limited warranty, this SSD is a reliable investment for anyone seeking lightning-fast data transfer and storage. Upgrade your PC with the most efficient drive available, today!",6511,206,103,,1.03e-05,,,,,,,,,ok,The sentences are generally well-structured and flow smoothly. There's a slight awkwardness with the phrase 'keeps your system running smoothly' as it doesn't directly relate to the SSD's function.,good,There are no spelling or punctuation errors. Sentence structure is correct.,ok,"The tone is enthusiastic and persuasive, appropriate for an e-commerce product description. However, the phrase 'most efficient drive available'  comes across as slightly hyperbolic.",ok,"The description is 91 words long, falling into the 'ok' range.",ok,"The description accurately reflects the provided data. However, it incorrectly states that the SSD has a 'long-lasting battery'.",fail
Seagate Portable 5 TB HDD,"features: USB 3.0, plug-and-play, 2.5″ form factor; rating: 4.7/5",plastic shell,1-year limited warranty,"Store a vast library of memories and files with the Seagate Portable 5 TB HDD! This compact powerhouse connects to your computer via USB 3.0, making it a seamless plug-and-play experience. Store, transfer, and back up your precious content with ease. Durable and reliable, this 2.5-inch drive is protected by a robust plastic shell. With a 4.7-star rating and 1-year warranty, you can trust it to keep your data safe. Get this impressive storage solution and enjoy peace of mind for all your digital memories!",2217,204,115,,1.098e-05,,,,,,,,,ok,The sentences flow well and are easy to read aloud. There is some minor repetition of 'store' but it doesn't significantly disrupt the readability.,good,The description is free of spelling and punctuation errors. Sentence structure is correct throughout.,good,"The tone is enthusiastic and friendly, using positive language like 'compact powerhouse' and 'peace of mind'. It maintains a professional e-commerce voice.",ok,"The description is 91 words long, falling into the 'ok' range.",good,All information presented is directly derived from the provided product data. There are no fabricated features or unsupported claims.,fail
SanDisk Extreme PRO 128 GB SDXC,"features: UHS-I U3, 200 MB/s read, waterproof; battery: long-lasting",plastic,lifetime limited warranty,"""Maximize your artistic expression with the SanDisk Extreme PRO 128 GB SDXC! This ultra-fast and durable memory card features UHS-I U3 technology, delivering lightning-fast 200 MB/s read speeds. Plus, it's waterproof and built to survive the toughest conditions. With its long-lasting battery, you'll stay creative for hours. Backed by a lifetime limited warranty, this card is designed to keep up with your creative passions. Capture life's moments with confidence - worry-free - when you choose SanDisk Extreme PRO.""",7494,195,108,,1.038e-05,,,,,,,,,ok,The sentences are generally well-structured and flow smoothly. There is some repetition of words like 'fast' and 'creative' which could be varied.,good,There are no spelling or punctuation errors. The sentence structure is correct throughout.,ok,"The tone is enthusiastic and geared towards creative users, which is appropriate. However, the phrase 'long-lasting battery' is misleading as it's an SD card, not a device with a battery.",bad,"The description is 101 words, exceeding the 'good' range.",ok,The description makes a factual error by mentioning a 'long-lasting battery'. All other information is accurately derived from the provided product details.,fail
Kingston Fury Beast 32 GB DDR5,"features: 6000 MT/s, Intel XMP 3.0, low-profile heat spreader; energy efficient",aluminum heatspreader,lifetime warranty,"Upgrade your gaming PC with the Kingston Fury Beast 32 GB DDR5! With blistering speeds of 6000 MT/s, you'll experience seamless gameplay and next-level performance. This cutting-edge module is certified for Intel XMP 3.0 for guaranteed compatibility. Plus, its sleek, low-profile heat spreader remains cool under fire. Backed by a lifetime warranty, the Fury Beast is a trusted partner for serious gamers and pros alike, delivering stunning results without breaking the bank. Get ready to unleash your beast!",6411,200,106,,1.036e-05,,,,,,,,,good,The sentences are well-structured and flow smoothly. There is good variation in sentence length and structure.,good,The description is free of any spelling or grammatical errors.,good,"The tone is enthusiastic and engaging, using language appropriate for a gaming audience without being overly aggressive.",ok,"The description is 92 words long, which falls within the 'ok' range.",good,All information presented is directly derived from the provided product data. There are no fabricated features or claims.,pass
Acer Predator XB273U 27″ Monitor,"features: 2560*1440 170 Hz IPS, HDR400, G-Sync Compatible; capacity: large",plastic & metal stand,3-year warranty,"Step up your gaming and productivity with the Acer Predator XB273U 27"" monitor! This stunning display boasts a 2560*1440 resolution, 170Hz refresh rate, and HDR400 technology for immersive visuals. With IPS technology and G-Sync Compatible, enjoy seamless and visually-accurate performance. The built-to-last combination of plastic and metal stands ensures a sturdy base. Plus, a 3-year warranty gives you peace of mind. Upgrade your monitor, upgrade your experience – get your Acer Predator XB273U today!",5904,203,109,,1.06e-05,,,,,,,,,ok,The sentences flow well and are easy to read aloud. There is some minor repetition of 'enjoy' but it doesn't significantly disrupt the readability.,good,There are no spelling or punctuation errors. Sentence structure is correct throughout.,good,"The tone is enthusiastic and persuasive, appropriate for a sales description.  Phrases like 'stunning display' and 'upgrade your experience' create a positive impression.",good,"The description is 89 words, falling within the 'good' range.",good,All information provided in the description is directly derived from the product data. There are no fabricated features or claims.,pass
BenQ PD2725U 27″ Monitor,"features: 4K UHD IPS, 98% P3, Thunderbolt 3; color options: multiple",metal stand,3-year warranty,"Elevate your productivity with the BenQ PD2725U, a stunning 27"" 4K UHD IPS monitor that delivers unparalleled color accuracy and precision. With 98% P3 color gamut, graphics and visual effects come alive in breathtaking detail. Equipped with Thunderbolt 3 and a durable metal stand, this powerhouse meets the demands of creative professionals and home office users alike. Enjoy seamless connectivity and peace of mind with a comprehensive 3-year warranty. Experience the future of display technology today.",5881,202,105,,1.034e-05,,,,,,,,,good,The sentences are well-structured and flow smoothly. There is a good variety in sentence length and structure.,good,The description is grammatically correct with no spelling or punctuation errors.,good,"The tone is professional and enthusiastic, appealing to both creative professionals and home office users. It avoids being overly pushy.",ok,"The description is 84 words long, falling within the 'ok' range.",good,All information provided in the description is directly derived from the product information. There are no fabricated features or claims.,pass
ASUS ProArt PA278QV Monitor,"features: 27″ 2560*1440 IPS, 100% sRGB, Calman Verified; weight: light",metal stand,3-year warranty,"Elevate your creativity with the ASUS ProArt PA278QV Monitor. Boasting a stunning 27-inch IPS display with 2560x1440 resolution, this monitor delivers vibrant colors with 100% sRGB coverage. Vertically verified by Calman technology, you can trust the accuracy of every hue. The ergonomic and lightweight design makes it easy to position, while the sturdy metal stand ensures stability. With a 3-year warranty, you can work and create with confidence, knowing this investment is protected for the long haul. Experience precise and immersive visuals that spark your imagination.",5563,202,119,,1.118e-05,,,,,,,,,good,"The sentences flow well and have varied structure. There's a natural rhythm to the description, making it easy to read aloud.",good,The description is free of spelling and punctuation errors. Sentence structure is correct throughout.,good,"The tone is enthusiastic and professional, appealing to creative professionals.  Phrases like 'elevate your creativity' and 'spark your imagination' are effective without being overly pushy.",ok,"The description is 94 words long, falling within the 'ok' range.",good,All information presented is directly derived from the provided product data. There are no fabricated features or unsupported claims.,pass
