product_name,Product_attribute_list,material,warranty,generated_description,latency_ms,input_tokens,output_tokens,fluency,grammar,tone,length,grounding,latency,cost,final_score,cost_value
Apple iPhone 15 Pro,"features: A17 Pro chip, 120 Hz ProMotion display, USB-C fast charging; dimensions: compact","titanium frame, Ceramic Shield glass",1-year limited warranty,"Take your mobile experience to the next level with the iPhone 15 Pro. Powered by the lightning-fast A17 Pro chip, this powerhouse seamlessly navigates demanding tasks and tasks with ease. A stunning 120 Hz ProMotion display ensures a buttery-smooth visuals. Plus, enjoy quick refueling with fast USB-C charging. Built with a strong titanium frame and Ceramic Shield glass for added durability, this compact phone is as rugged as it is refined. Sensational performance meets luxury build quality – elevate your daily life with the iPhone 15 Pro.",4720,200,110,,,,,,,,,1.06e-05
Samsung Galaxy S24 Ultra,"features: 200 MP camera, S-Pen support, 120 Hz AMOLED; sustainably sourced","Armor Aluminum frame, Gorilla Glass Victus",1-year limited warranty,"Upgrade your mobile experience with the Samsung Galaxy S24 Ultra. This powerhouse features a 200 MP camera that captures stunning detail, plus S-Pen support for notebook-esque notes and creative freedom. The 120 Hz AMOLED display is silky smooth, while the Armor Aluminum frame and Gorilla Glass Victus ensure durability. Plus, Samsung's commitment to sustainability means peace of mind with every use. Backed by a 1-year limited warranty, this phone is built to last and perform. Unlock endless possibilities with the Galaxy S24 Ultra.",3671,203,109,,,,,,,,,1.06e-05
Google Pixel 8 Pro,"features: Tensor G3 chip, Magic Eraser, 50 MP camera; rating: 4.7/5","matte glass back, aluminum frame",1-year limited warranty,"""Unlock the future of smartphone photography with the Google Pixel 8 Pro. Powered by the innovative Tensor G3 chip, this flagship device delivers unparalleled performance and results. The 50 MP camera, paired with Magic Eraser technology, lets you erase unwanted objects from your photos with a single tap. With a 4.7/5 rating and a 1-year warranty, you can trust the Pixel 8 Pro to capture life's precious moments and last. Its stunning design, featuring a matte glass back and aluminum frame, makes it a stunning addition to any style.""",3210,202,115,,,,,,,,,1.094e-05
Sony WH-1000XM5 Headphones,"features: active noise cancelling, 30 hr battery, Bluetooth 5.2; capacity: large",synthetic leather earcups,1-year limited warranty,"""Immerse yourself in pure sound with the Sony WH-1000XM5 Headphones! These powerful cans deliver uncompromising audio, instant noise cancellation, and seamless connectivity via Bluetooth 5.2. Enjoy up to 30 hours of listening without a break. The large capacity and sleek design ensure a comfortable fit. Durable synthetic leather earcups provide long-lasting durability. Protect your investment with a 1-year limited warranty. Perfect for music lovers, commuters, and anyone seeking exceptional audio on-the-go.""",3309,201,106,,,,,,,,,1.0379999999999999e-05
Bose QuietComfort Ultra Earbuds,"features: CustomTune sound calibration, ANC, IPX4; award-winning design",silicone ear tips,1-year limited warranty,"Immerse yourself in crystal-clear audio with the Bose QuietComfort Ultra Earbuds. These sleek earbuds deliver tailored sound through CustomTune calibration, ensuring you hear every note as it was meant to be. Advanced Noise Cancellation blocks out distractions, while IPX4 protection keeps them safe from the elements. With an award-winning design and comfortable silicone ear tips, you'll enjoy hours of uninterrupted listening - anywhere, anytime. Backed by a one-year warranty, these earbuds are an investment in your listening experience.",3637,194,108,,,,,,,,,1.0359999999999999e-05
Amazon Echo Dot (5th Gen),"features: Alexa voice assistant, temperature sensor, improved bass; sustainably sourced",recycled fabric mesh,1-year limited warranty,"Get ready to elevate your smart home experience with the Amazon Echo Dot (5th Gen). This groundbreaking device boasts an improved Alexa voice assistant, so you can control your smart devices with just your voice. Add to that, an integrated temperature sensor and enhanced bass for a richer audio experience. Plus, it's wrapped in sustainable, recycled fabric mesh and backed by a 1-year limited warranty. Upgrade your space with the perfect blend of tech and eco-friendliness.",3316,192,94,,,,,,,,,9.48e-06
Dell XPS 13 9310 Laptop,"features: 13.4″ FHD+ display, Intel Core i5, Thunderbolt 4; dimensions: compact",CNC aluminum & carbon-fiber palmrest,1-year limited hardware warranty,"Meet the Dell XPS 13 9310, the ultimate travel companion! This stunning laptop packs a 13.4"" FHD+ display and lightning-fast Intel Core i5 processor, perfect for work, play, and everything in between. Its compact design and durable CNC aluminum and carbon-fiber palmrest ensure it withstands even the toughest handbags. With Thunderbolt 4 and reliable 1-year limited hardware warranty, you can stay productive and confident on-the-go. Upgrade your mobile game with this fantastic device and experience the bliss of seamless performance!",2824,210,114,,,,,,,,,1.104e-05
Apple MacBook Air 13″ (M3),"features: M3 chip, 18-hour battery, 1080p camera; energy efficient",recycled aluminum unibody,1-year limited warranty,"Take your creativity to new heights with the Apple MacBook Air 13"". Powered by the lightning-fast M3 chip, you'll experience seamless performance and effortless multitasking. With up to 18 hours of battery life, you can work, create, and play all day without interruptions. Plus, a 1080p camera lets you connect with friends and family in crystal-clear video calls. Crafted from durable recycled aluminum, this eco-conscious laptop combines style and sustainability.",2103,200,94,,,,,,,,,9.64e-06
Microsoft Surface Pro 10,"features: Intel Core Ultra, detachable keyboard, 13″ PixelSense; dimensions: compact",magnesium alloy chassis,1-year limited warranty,"Get ready to upgrade your productivity on the go with the Microsoft Surface Pro 10! This powerful tablet boasts the latest Intel Core Ultra processor, effortlessly running multiple apps and tasks with ease. With a stunning 13"" PixelSense display and detachable keyboard, you can switch seamlessly between laptop and tablet modes. Made from sturdy magnesium alloy, this compact device is both durable and stylish. Enjoy worry-free computing with a 1-year limited warranty - buy with confidence and take your mobile work to the next level!",2358,194,102,,,,,,,,,9.999999999999999e-06
Garmin Forerunner 255,"features: multi-band GPS, HRV status, 14-day battery; rating: 4.7/5",fiber-reinforced polymer,1-year limited warranty,"Take your running to the next level with the Garmin Forerunner 255. Boasting a robust multi-band GPS, this watch provides accurate tracking and location data, even in the most rugged terrain. Plus, with HRV status, you'll receive advanced insights into your physical condition. And with up to 14 days of battery life, you can track your run without worrying about running out of juice. Get ready to crush your personal records with this reliable and feature-packed companion.",2377,201,97,,,,,,,,,9.84e-06
Fitbit Charge 6,"features: heart-rate monitor, built-in GPS, 7-day battery; color options: multiple",aluminum case,1-year limited warranty,"Take your fitness journey to the next level with the Fitbit Charge 6! This sleek and durable wearable tracks your progress like a pro, featuring a heart-rate monitor and built-in GPS to log your runs, hikes, and workouts with ease. With up to 7 days of battery life, you can track your progress without worrying about running out of power. Choose from multiple vibrant color options to match your unique style. Get precise and stay motivated – order your Fitbit Charge 6 today and start achieving your fitness goals!",3061,193,106,,,,,,,,,1.022e-05
GoPro HERO12 Black,"features: 5.3K60 video, HyperSmooth 6.0, waterproof 10 m; capacity: large",rugged polycarbonate,1-year limited warranty,"Capture life's most epic moments with the GoPro HERO12 Black! This rugged adventure camera shoots stunning 5.3K60 video, ensuring thrilling footage every time. With HyperSmooth 6.0 stabilization, your videos will be silky-smooth even in turbulent conditions. Diving into the ocean? No problem - it's waterproof up to 10 meters! Built with a large capacity, this rugged polycarbonate housing can withstand extreme environments. Protected by a 1-year limited warranty, you can focus on the thrill of capturing life's unforgettable experiences.",3514,201,113,,,,,,,,,1.08e-05
DJI Mini 4 Pro Drone,"features: 4K/60fps, omnidirectional obstacle sensing, <250 g; rating: 4.7/5",composite plastic,1-year limited warranty,"Capture life's most epic moments with the DJI Mini 4 Pro Drone! This powerhouse packs a 4K/60fps punch, letting you relive incredible memories in crystal-clear detail. Equipped with advanced omnidirectional obstacle sensing, you'll fly with confidence, even in confined spaces. Lightweight and versatile, this drone is perfect for pros and hobbyists alike. With a 4.7-star rating and a 1-year warranty, you can trust the quality and performance of this remarkable drone. Fly, capture, repeat!",2997,203,109,,,,,,,,,1.06e-05
Nintendo Switch OLED,"features: 7″ OLED screen, docked & handheld modes, 64 GB storage; capacity: large",plastic chassis,1-year limited warranty,"Elevate your gaming experience with the Nintendo Switch OLED. Boasting a vibrant 7″ OLED screen, this console delivers stunning visuals and immersive gameplay in both docked and handheld modes. With 64 GB of storage, you've got plenty of room to save all your favorite titles. Crafted with a durable plastic chassis, this console is built to last. And with a 1-year limited warranty, you can play with peace of mind. Get ready to take your gaming to the next level!",2457,194,102,,,,,,,,,9.999999999999999e-06
PlayStation 5 Slim,"features: ray tracing, haptic feedback controller, 1 TB SSD; battery: long-lasting",plastic shell,1-year limited warranty,"Transform your gaming experience with the PlayStation 5 Slim! This sleek console boasts incredible features, including stunning ray tracing and an immersive haptic feedback controller. The 1 TB SSD ensures lightning-fast loading times, while the long-lasting battery gives you hours of uninterrupted fun. Wrapped in a durable plastic shell, this console is built to last. Your gaming world just got a serious upgrade - back it up with our 1-year limited warranty and take your gaming to the next level.",2520,192,96,,,,,,,,,9.6e-06
Xbox Series X,"features: 12 TFLOPS GPU, 1 TB SSD, 4K @ 120 Hz; battery: long-lasting",matte black casing,1-year limited warranty,"""Unlock unparalleled gaming performance with the Xbox Series X, powered by a 12 TFLOPS GPU that brings stunning visuals to life at 4K and 120 frames per second. Enjoy seamless gameplay on the fast 1 TB SSD. The long-lasting battery keeps you gaming for hours. The sleek matte black casing is a stylish addition to any gaming setup. With a 1-year limited warranty, you can focus on what matters most - dominating on the gaming scene. Upgrade your gaming experience today with the Xbox Series X.""",6893,199,106,,,,,,,,,1.034e-05
Instant Pot Duo 6-Quart,"features: 7-in-1 multicooker, stainless steel inner pot, 1000 W heating; weight: light",18/8 stainless steel,1-year limited warranty,"Elevate your cooking experience with the versatile Instant Pot Duo 6-Quart! This 7-in-1 multicooker is a game-changer for home cooks. With its stainless steel inner pot and 1000 W heating, you can pressure cook, slow cook, sauté, steam, and more with ease. Plus, its lightweight design makes it easy to transfer between counters. Durable and built to last, the 18/8 stainless steel body and 1-year limited warranty ensure long-lasting reliability. Discover the power of a perfect meal, every time, with the Instant Pot Duo.",4964,206,125,,,,,,,,,1.162e-05
Keurig K-Supreme Plus Smart,"features: multistream extraction, BrewID, 78 oz reservoir; capacity: large",brushed stainless steel accents,1-year limited warranty,"Elevate your coffee routine with the Keurig K-Supreme Plus Smart, the ultimate brewing experience. Its large 78 oz reservoir and modern brushed stainless steel accents ensure ample coffee and sleek style. The advanced BrewID system guarantees a perfect cup with every brew. With multistream extraction technology, this single-serve brewer delivers a rich and full-bodied taste. The K-Supreme Plus Smart is perfect for coffee lovers who demand the best – upgrade to a world of flavors with this user-friendly and premium brewing system.",3939,197,108,,,,,,,,,1.0419999999999998e-05
Vitamix 5200 Blender,"features: variable speed, 2-hp motor, self-cleaning; sustainably sourced",BPA-free Tritan jar,7-year warranty,"Experience culinary perfection with the Vitamix 5200 Blender, trusted by professionals and home cooks alike. Its powerful 2-hp motor and variable speed control ensure smooth blending, from silky soups to icy treats. The self-cleaning design and BPA-free Tritan jar keep maintenance easy. Plus, with a 7-year warranty, you can invest with confidence. And, rest assured that this high-performance blender is sustainably sourced. Elevate your kitchen with this incredible blend of performance, quality, and sustainability.",4119,197,106,,,,,,,,,1.03e-05
Dyson V15 Detect Vacuum,"features: laser dust detection, HEPA filtration, 60-min run-time; energy efficient",polycarbonate & aluminum,2-year parts & labor,"Elevate your cleaning experience with the Dyson V15 Detect Vacuum! This powerful and energy-efficient machine is equipped with a groundbreaking laser dust detection system, revealing hidden dirt and debris. Featuring True Capture HEPA filtration, it captures 99.97% of microscopic particles as small as 0.3 microns. With a 60-minute run-time and high-quality polycarbonate and aluminum construction, you can trust the V15 Detect to deliver superior performance. Plus, enjoy a 2-year warranty for peace of mind. Take the first step towards a cleaner, healthier home today!",5824,197,120,,,,,,,,,1.1139999999999998e-05
iRobot Roomba j7+,"features: PrecisionVision navigation, self-emptying Clean Base, Alexa; award-winning design",plastic housing,1-year limited warranty,"Meet the ultimate cleaning companion: the iRobot Roomba j7+! This cutting-edge robot vacuum navigates with unparalleled precision, effortlessly avoiding obstacles and getting into tight spaces to leave your floors spotless. With its self-emptying Clean Base, you'll never need to touch dirt and debris again. Simply schedule and control with Alexa, and enjoy the sleek, award-winning design that complements any home. Upgrade to smarter cleaning and spend more time on what matters – not scrubbing floors!",4523,192,99,,,,,,,,,9.780000000000001e-06
Yeti Rambler 20 oz Tumbler,"features: double-wall vacuum insulated, MagSlider lid; dimensions: compact",kitchen-grade stainless steel,5-year warranty,"Meet the Yeti Rambler 20 oz Tumbler, your new go-to for hot and cold drinks. This double-wall vacuum insulated tumbler keeps liquids at the perfect temperature, while the MagSlider lid provides a comfortable, spill-proof sipping experience. Crafted from durable kitchen-grade stainless steel, this compact tumbler is built to last. And with a 5-year warranty backing it up, you can enjoy your favorite drinks with confidence. Take it on-the-go with the Yeti Rambler, your new trusted companion for hot and cold beverages.",25888,195,117,,,,,,,,,1.092e-05
Stanley Quencher H2.0 40 oz,"features: vacuum insulated, flow-state lid, cup-holder friendly; battery: long-lasting",recycled stainless steel,lifetime warranty,"Stay hydrated on-the-go with the Stanley Quencher H2.0, a refreshing powerhouse featuring a 40 oz capacity. The vacuum-insulated design keeps drinks hot or cold for hours, while the flow-state lid lets you easily take a sip. Compact and cup-holder friendly, it's perfect for daily adventures. Built to last from recycled stainless steel, this accessory comes with a lifetime warranty, giving you peace of mind as you pour your favorite beverages from one cup-lasting companion.",5433,195,98,,,,,,,,,9.780000000000001e-06
Hydro Flask 32 oz Wide Mouth,"features: TempShield insulation, Color Last powder coat; dimensions: compact",pro-grade stainless steel,lifetime warranty,"""Stay hydrated and energized on-the-go with the Hydro Flask 32 oz Wide Mouth! Made from pro-grade stainless steel, this insulated powerhouse keeps drinks at the perfect temperature for hours. Our TempShield technology ensures your coffee stays hot and your iced tea stays cold. And with a lifetime warranty, you can trust this bottle will be by your side for all your adventures. Available in a range of colors, this compact design fits neatly into any bag or backpack.""",3773,189,95,,,,,,,,,9.48e-06
Contigo Autoseal West Loop 16 oz,"features: autoseal spill-proof lid, double-wall insulation; dimensions: compact",stainless steel,lifetime warranty,"Take your daily commute or outdoor adventures to the next level with the Contigo Autoseal West Loop 16 oz. This compact, stainless steel water bottle features a leak-proof autoseal lid and double-wall insulation to keep drinks hot or cold for hours. Trust in the lifetime warranty and enjoy the freedom to take your water on-the-go. Perfectly sized for your car cup holder or desk, this bottle is a must-have for anyone looking to stay hydrated in style.",4095,192,96,,,,,,,,,9.6e-06
Nike Air Zoom Pegasus 40,"features: React foam, Zoom Air units, engineered mesh upper; energy efficient",textile & synthetic,2-year manufacturer warranty,"Get ready to take your run to the next level with the Nike Air Zoom Pegasus 40! This high-performance shoe is engineered with a lightweight React foam midsole for exceptional cushioning and energy return, while Zoom Air units provide a responsive bounce. The engineered mesh upper keeps you cool and dry with a breathable fit. Energy-efficient and built to last, this shoe comes with a 2-year manufacturer warranty. Upgrade your game with the Pegasus 40 - shop now and experience the thrill of a faster, more efficient you!",4247,192,107,,,,,,,,,1.026e-05
Adidas Ultraboost Light,"features: Light BOOST midsole, Primeknit+ upper, Continental rubber; rating: 4.7/5",textile & synthetic,2-year manufacturer warranty,"Elevate your running game with the Adidas Ultraboost Light! This high-performance shoe features a Light BOOST midsole for superb energy return, making every step feel like springtime. The Primeknit+ upper provides a snug, customizable fit that encourages freedom of movement. With Continental rubber outsoles, you'll enjoy stable traction on any surface. Plus, with a 4.7-star rating and 2-year warranty, you can trust the quality and support. Upgrade your runs with the Adidas Ultraboost Light - your feet will thank you!",4435,199,112,,,,,,,,,1.07e-05
The North Face ThermoBall Eco Jacket,"features: synthetic ThermoBall insulation, DWR finish; dimensions: compact",100% recycled nylon,lifetime warranty,"Stay warm and stay green with The North Face ThermoBall Eco Jacket! This innovative eco-jacket combines synthetic ThermoBall insulation with a durable DWR finish, keeping you cozy in any weather. Plus, it's ultra-compact and lightweight for easy packing. Made from 100% recycled nylon, you can feel good about your purchase. And, with a lifetime warranty, you can trust that this jacket will be your reliable companion for years to come. Perfect for outdoor enthusiasts and eco-conscious consumers alike.",3854,192,103,,,,,,,,,1.0019999999999999e-05
Patagonia Black Hole 32 L Backpack,"features: weather-resistant, laptop sleeve, padded straps; capacity: large",100% recycled polyester ripstop,lifetime warranty,"Hit the trails in comfort and confidence with the Patagonia Black Hole 32 L Backpack. Built with 100% recycled polyester ripstop, this rugged bag keeps you dry and their impact on the planet to a minimum. Plus, with a laptop sleeve and padded straps, you'll stay organized and comfortable on even the longest hikes. And if it doesn't meet your expectations, Patagonia's got you covered: this bag's protected by their lifetime warranty. Grab your gear and get going!",5604,194,101,,,,,,,,,9.94e-06
Osprey Farpoint 40,"features: stowaway harness, laptop sleeve, carry-on size; energy efficient",450D recycled nylon,lifetime warranty,"""The Osprey Farpoint 40 is a versatile and reliable travel companion, perfect for your next adventure. Its stowaway harness and laptop sleeve ensure comfortable and organized transport, while its carry-on size makes it ideal for gate-to-gate travel. Crafted from 450D recycled nylon, this eco-friendly pack is also energy-efficient. Plus, Osprey's lifetime warranty gives you peace of mind. Whether you're exploring foreign lands or traversing the country, the Farpoint 40 is the perfect bag to carry your essentials in style.""",11268,192,112,,,,,,,,,1.056e-05
LEGO Star Wars Millennium Falcon 75192,"features: 7 541 pieces, detailed interior, minifigs included; battery: long-lasting",ABS plastic bricks,lifetime replacement of missing bricks,"""Embark on an epic adventure with the ultimate LEGO Star Wars souvenir - the Millennium Falcon 75192! With an astonishing 7541 pieces, this colossal model promises to captivate Star Wars enthusiasts of all ages. Discover the intricate details and spacious interior, complete with 5 minifigures. Built to endure with long-lasting battery life, this iconic aircraft will outlast your love for the Force. Lifetime replacement of missing bricks guarantees peace of mind. May the brick be with you!""",5062,198,100,,,,,,,,,9.96e-06
LEGO Icons Botanical Orchid 10311,"features: 608 pieces, adjustable blooms, decorative set; color options: multiple",ABS plastic bricks,lifetime replacement of missing bricks,"""Bloom with beauty and creativity! Our LEGO Icons Botanical Orchid 10311 is a stunning decorative set that brings the tropical charm of this iconic flower to your home. With 608 pieces and adjustable blooms, you can customize the look to suit your style. Made from high-quality ABS plastic bricks, this set is sure to delight plant enthusiasts and LEGO fans alike. Plus, with our lifetime warranty, you can enjoy this lovely orchid for years to come.""",4497,195,94,,,,,,,,,9.54e-06
Kindle Paperwhite 11th Gen,"features: 6.8″ glare-free display, 10-week battery, USB-C; dimensions: compact",recycled plastic,1-year limited warranty,"Immerse yourself in a world of reading with the Kindle Paperwhite 11th Gen. This sleek device boasts a 6.8"" glare-free display, perfect for reading anywhere, anytime. Enjoy up to 10 weeks of battery life and access your library with a single charge via USB-C. Made from recycled plastic, you can feel good about your purchase. All backed by a 1-year limited warranty for peace of mind. Whether you're a bookworm or a casual reader, this is the ultimate travel companion. Start exploring new stories today!",3964,198,113,,,,,,,,,1.0739999999999999e-05
Kobo Libra 2,"features: 7″ E Ink Carta, Bluetooth audiobooks, waterproof IPX8; weight: light",plastic chassis,1-year limited warranty,"Meet the Kobo Libra 2, the ultimate reading companion! This sleek e-reader boasts a crisp 7"" E Ink Carta display, perfect for long reading sessions. With Bluetooth connectivity, you can enjoy audiobooks without needing to charge the device (since it's waterproof, rain or shine!). Plus, its light weight ensures hours of comfortable reading on the go. With a 1-year limited warranty, you can read without worry. Upgrade your reading experience today and get lost in your favorite stories!",2966,198,104,,,,,,,,,1.02e-05
Anker Soundcore Motion+ Speaker,"features: 30 W audio, Hi-Res, IPX7 waterproof; energy efficient",aluminum grille,18-month warranty,"""Get ready to elevate your outdoor experiences with the Anker Soundcore Motion+ Speaker! This robust wireless speaker pumps out 30W of Hi-Res audio, ensuring you feel the beat wherever you go. Built with an aluminum grille and IPX7 waterproof rating, it can withstand the elements and harsh conditions. Plus, its energy-efficient design means you can enjoy great sound without sacrificing battery life. With an 18-month warranty, you can trust the quality of this remarkable speaker.""",3568,193,98,,,,,,,,,9.74e-06
Sonos Move 2,"features: WiFi & Bluetooth, 24-hr battery, automatic Trueplay; rating: 4.7/5",shock-resistant shell,1-year limited warranty,"Take your music anywhere with the Sonos Move 2! This portable powerhouse packs amazing sound into a shock-resistant shell, delivering rich, clear audio both indoors and out. With up to 24 hours of battery life, you can enjoy your favorite beats all day long. And with automatic Trueplay tuning, you can trust that your sound is always perfect. With its seamless WiFi and Bluetooth connectivity, stream from your favorite services with ease. Your audio adventures just got a whole lot more enjoyable!",4743,199,99,,,,,,,,,9.92e-06
Philips Hue White & Color Ambiance Starter Kit,"features: 16 million colors, Bluetooth & Zigbee, voice control; limited edition",plastic bulbs,2-year limited warranty,"Unlock a world of color and convenience with the Philips Hue White & Color Ambiance Starter Kit! This limited edition starter kit features 16 million colors, can be controlled via Bluetooth & Zigbee, and is even voice-friendly. Easily transform your space with a palette of endless possibilities. Plus, with a 2-year limited warranty, you can trust your new Hue lights to bring ambiance to your home for years to come. Experience the ultimate in smart lighting - order yours today!",3517,195,96,,,,,,,,,9.66e-06
TP-Link Deco XE75 Mesh WiFi 6E,"features: tri-band AXE5400, 3-pack covers 7 200 sq ft; battery: long-lasting",plastic,2-year limited warranty,"Elevate your home network with the TP-Link Deco XE75 Mesh WiFi 6E. This powerful tri-band system covers up to 7,200 square feet with a single 3-pack setup, ensuring seamless coverage and lag-free browsing. The battery-powered design provides long-lasting reliability, while the durable plastic build withstands the rigors of daily life. Backed by a 2-year limited warranty, this mesh system gives you peace of mind, providing you with a robust and future-proof WiFi solution for all your connected devices.",21889,205,111,,,,,,,,,1.0759999999999999e-05
Eufy Video Doorbell Dual,"features: dual camera, package detection, 2K resolution; battery: long-lasting",plastic housing,1-year limited warranty,"Elevate your home's security with the Eufy Video Doorbell Dual! This innovative device features two cameras, giving you a comprehensive view of your surroundings. Plus, with 2K resolution, you'll capture every detail. Package detection and motion tracking keep you informed of any unusual activity. And with a long-lasting battery, you'll enjoy peace of mind without the hassle of recharging. Backed by a 1-year limited warranty, you can trust that you're protected. Stay safe and secure with the Eufy Video Doorbell Dual.",3240,193,113,,,,,,,,,1.064e-05
Blink Outdoor 4,"features: 1080p HD, 2-year battery, weather-resistant; limited edition",plastic,1-year limited warranty,"""Experience the freedom of wireless outdoor security with the limited edition Blink Outdoor 4. Capture crisp 1080p HD footage, day or night, and enjoy up to 2 years of battery life on a single charge. Durable and weather-resistant, this plug-and-play camera is perfect for any outdoor space. Backed by a 1-year limited warranty, you can trust the Blink Outdoor 4 to provide seamless video recording and peace of mind, keeping you connected to what matters most.""",2350,190,100,,,,,,,,,9.800000000000001e-06
Corsair K100 RGB Keyboard,"features: Cherry MX Speed, 4000 Hz polling, aluminum frame; capacity: large",brushed aluminum,2-year warranty,"Take your gaming and typing experience to the next level with the Corsair K100 RGB Keyboard! Equipped with Cherry MX Speed switches for lightning-fast actuation, you'll enjoy lightning-quick response times. The aluminum frame is both durable and stylish, while 4000 Hz polling ensures seamless connectivity. Backed by a 2-year warranty, you can play with precision and confidence. Upgrade your setup with the K100 and feel the difference for yourself – immersive gaming, elevated.",2180,192,97,,,,,,,,,9.659999999999999e-06
Logitech MX Master 3S,"features: 8K DPI sensor, MagSpeed scroll, Bolt & Bluetooth; color options: multiple",plastic,1-year limited warranty,"Elevate your productivity with the Logitech MX Master 3S, a precision wireless mouse engineered for peak performance. Its 8K DPI sensor tracks every movement with uncanny accuracy, while the MagSpeed scroll wheel lets you zip through long documents or web pages with ease. Easily switch between devices with Bolt, Logitech's proprietary wireless technology, or pair via Bluetooth. Available in a range of stylish colors, this mouse is a must-have for creators, professionals, and anyone who demands the best.",2403,195,102,,,,,,,,,1.0019999999999999e-05
Razer DeathAdder V3 Pro,"features: 63 g ultralight, 30K DPI Focus Pro sensor; battery: long-lasting",plastic,2-year warranty,"Elevate your gaming experience with the Razer DeathAdder V3 Pro. Weighing in at just 63g, this ultralight mouse glides effortlessly across your surface, providing precision and control. Powered by the 30K DPI Focus Pro sensor, you'll enjoy lightning-fast movements and pinpoint accuracy. Plus, enjoy long-lasting battery life without the need for frequent recharging. Backed by a 2-year warranty, you can focus on dominating the competition, not replacing your gear. Upgrade your gaming arsenal today and experience the ultimate in mouse performance.",2357,196,116,,,,,,,,,1.0880000000000001e-05
Samsung 980 Pro 2 TB NVMe SSD,"features: PCIe 4.0, up to 7 000 MB/s read, nickel coating; battery: long-lasting",PCB & NAND flash,5-year limited warranty,"Amplify your computer's performance with the Samsung 980 Pro 2 TB NVMe SSD! This powerhouse drive leverages PCIe 4.0 to reach blistering speeds of up to 7,000 MB/s read, ensuring seamless app launching and smooth gaming. With a nickel coating for added durability and a long-lasting battery, you can tackle demanding tasks and storage-intensive projects with confidence. Backed by a 5-year warranty, this SSD is built to last - upgrade your system and unlock new possibilities!",2270,206,104,,,,,,,,,1.0359999999999999e-05
Seagate Portable 5 TB HDD,"features: USB 3.0, plug-and-play, 2.5″ form factor; rating: 4.7/5",plastic shell,1-year limited warranty,"Take your digital life on the go! Our Seagate Portable 5 TB HDD stores up to 2,500 hours of your favorite movies or 1,200,000 songs. With a simple plug-and-play design and USB 3.0 speed, transferring files is effortless. Perfect for photographers, videographers, or anyone with extensive digital collections. Durable and compact, this 2.5″ portable drive fits easily in a bag. Rest assured with a 4.7-star rating and 1-year limited warranty. Get organized, get free – bring your portable HDD today!",2390,204,120,,,,,,,,,1.1279999999999999e-05
SanDisk Extreme PRO 128 GB SDXC,"features: UHS-I U3, 200 MB/s read, waterproof; battery: long-lasting",plastic,lifetime limited warranty,"Capture life's most epic moments with the SanDisk Extreme PRO 128 GB SDXC card. Shoot non-stop with UHS-I U3 speeds of 200 MB/s read, and rely on its waterproof design for peace of mind. With a long-lasting battery life, you'll never miss a shot. Store thousands of photos and 4K videos with ample storage. Backed by a lifetime limited warranty, this card is designed to keep up with your adventurous lifestyle, allowing you to focus on what matters most - the moment.",1992,195,107,,,,,,,,,1.032e-05
Kingston Fury Beast 32 GB DDR5,"features: 6000 MT/s, Intel XMP 3.0, low-profile heat spreader; energy efficient",aluminum heatspreader,lifetime warranty,"Give your rig a boost with the Kingston Fury Beast 32 GB DDR5! This beast of a memory module runs at a scorching 6000 MT/s, making it perfect for gamers and content creators who demand the best. With Intel XMP 3.0, you can easily tweak your settings for optimal performance. Our low-profile heat spreader keeps things cool, while aluminum construction ensures durability. Plus, with a lifetime warranty, we've got your back - upgrade to the Fury Beast today!",1765,200,103,,,,,,,,,1.018e-05
Acer Predator XB273U 27″ Monitor,"features: 2560*1440 170 Hz IPS, HDR400, G-Sync Compatible; capacity: large",plastic & metal stand,3-year warranty,"Take your gaming to the next level with the Acer Predator XB273U 27"" Monitor! This beastly display boasts a 170Hz IPS panel with 2560*1440 resolution for crystal-clear visuals. Plus, with HDR400 and G-Sync Compatible, you'll be immersed in smooth, vibrant action. The large screen and robust metal stand ensure a commanding presence on your desk. Enjoy peace of mind with Acer's 3-year warranty. Upgrade your gaming setup today and experience the thrill of unparalleled performance!",2633,203,105,,,,,,,,,1.0359999999999999e-05
BenQ PD2725U 27″ Monitor,"features: 4K UHD IPS, 98% P3, Thunderbolt 3; color options: multiple",metal stand,3-year warranty,"""Bring your creative vision to life with the BenQ PD2725U 27"" Monitor! This stunning display boasts an impressive 4K UHD IPS panel with 98% P3 color gamut, ensuring vibrant and accurate colors. With Thunderbolt 3 connectivity, you can transmit data at lightning-fast speeds. Durable and stylish, the metal stand holds fast to the sleek design. Plus, you're protected with a 3-year warranty. Upgrade your workflow with this versatile monitor, perfect for videographers, graphic designers, and anyone who demands exceptional visuals.""",3153,202,116,,,,,,,,,1.1e-05
ASUS ProArt PA278QV Monitor,"features: 27″ 2560*1440 IPS, 100% sRGB, Calman Verified; weight: light",metal stand,3-year warranty,"Elevate your creative workflow with the ASUS ProArt PA278QV Monitor! This 27"" stunning display boasts a crystal-clear 2560*1440 IPS panel, delivering 100% sRGB color accuracy for breathtaking visuals. Engineered for professionals, it meets rigorous Calman Verified standards. The sleek metal stand is both sturdy and lightweight, ensuring ergonomic comfort. Plus, with a 3-year warranty, you can focus on bringing your vision to life, worry-free. Unlock your full creative potential with the ProArt PA278QV – precision, power, and unparalleled viewing experience await.",2734,202,122,,,,,,,,,1.136e-05
